<?xml version="1.0" encoding="utf-8" ?><dwsync><file name=".htaccess" server="Macintosh HD/Applications/MAMP/htdocs/MuseumTest/" local="3475758235" remote="318763443868654747" Dst="-1" /><file name="download.png" server="Macintosh HD/Applications/MAMP/htdocs/MuseumTest/" local="3475575395" remote="318763443868471907" Dst="-1" /><file name="MyKey.txt" server="Macintosh HD/Applications/MAMP/htdocs/MuseumTest/" local="3475747272" remote="318763443868643784" Dst="-1" /><file name="museum_icon.jpg" server="Macintosh HD/Applications/MAMP/htdocs/MuseumTest/" local="3482400081" remote="318763443875296593" Dst="-1" /><file name="map_icon.png" server="Macintosh HD/Applications/MAMP/htdocs/MuseumTest/" local="3482400383" remote="318763443875296895" Dst="-1" /><file name="qr_icon.png" server="Macintosh HD/Applications/MAMP/htdocs/MuseumTest/" local="3482399571" remote="318763443875296083" Dst="-1" /><file name="user-management.png" server="Macintosh HD/Applications/MAMP/htdocs/MuseumTest/" local="3482399820" remote="318763443875296332" Dst="-1" /><file name="guides.gif" server="Macintosh HD/Applications/MAMP/htdocs/MuseumTest/" local="3470647740" remote="318763443863544252" Dst="-1" /><file name="new.png" server="Macintosh HD/Applications/MAMP/htdocs/MuseumTest/" local="3482083053" remote="318763443874979565" Dst="-1" /><file name="import_export_xml_icon.jpg" server="Macintosh HD/Applications/MAMP/htdocs/MuseumTest/" local="3483117445" remote="318763443876013957" Dst="-1" /></dwsync>